sort,homepage,status,project_name_zh,project_name_en,category,asset_folder,detail_page,notes
1,yes,confirmed,中国·AI盛典开场秀,China AI Gala — Opening Show,Brand Experience,01_AI_GALA,work/ai-gala.html,
2,yes,confirmed,中国国家地理·矿晶空间影像,National Geographic — Crystal Landscape,Spatial Media Content,02_NATGEO_CRYSTAL,work/natgeo-crystal.html,
3,yes,confirmed,控时者 / 滴流 环幕音画系列,TIMER / DROP FLOW — Circular Screen Series,Realtime Audiovisual,03_UFO_CIRCULAR_SERIES,work/ufo-circular-series.html,
4,yes,confirmed,环形矩阵屏幕视觉内容实践,CONTROL CLUB / MISSING SIGNALS,Immersive Screen Content,09_CIRCULAR_MATRIX_SCREEN,work/circular-matrix-screen.html,
5,yes,confirmed,TITAN 现场视觉系统,Mechanical Photosynthesis: TITAN,Realtime + Show Control,04_TITAN,work/titan.html,
6,yes,confirmed,西岸旋心 >>round-a-clock,>>round-a-clock — West Bund Xuanxin,Media System + Event Visuals,05_WEST_BUND_XUANXIN,work/west-bund-xuanxin.html,
7,yes,confirmed,SYSTEM × ERSHA 建筑空间扫描,SYSTEM × ERSHA — Spatial Capture,Spatial Capture,06_SYSTEM_ERSHA,work/system-ersha.html,
8,no,research,Greenhouse in Transit,Greenhouse in Transit,Research / Spatial Computing,07_GREENHOUSE,,
9,no,archive,现场音画实践,Live Audiovisual Practice,Digital Entertainment,08_ARCHIVE,,
